{
  "ZONA 1 - 1": [
    [
      -62.080383,
      -38.892977
    ],
    [
      -62.058523,
      -38.875839
    ],
    [
      -62.069156,
      -38.867703
    ],
    [
      -62.074434,
      -38.868538
    ],
    [
      -62.075754,
      -38.863751
    ],
    [
      -62.081928,
      -38.864821
    ],
    [
      -62.083618,
      -38.858651
    ],
    [
      -62.089506,
      -38.859553
    ]
  ],
  "ZONA 2 - 1": [
    [
      -62.089506,
      -38.859553
    ],
    [
      -62.083618,
      -38.858651
    ],
    [
      -62.084442,
      -38.855568
    ],
    [
      -62.079973,
      -38.854774
    ],
    [
      -62.079941,
      -38.853838
    ],
    [
      -62.078525,
      -38.85355
    ],
    [
      -62.078986,
      -38.851779
    ],
    [
      -62.077522,
      -38.851453
    ],
    [
      -62.077999,
      -38.849669
    ],
    [
      -62.085686,
      -38.850952
    ],
    [
      -62.087038,
      -38.846377
    ],
    [
      -62.092872,
      -38.847299
    ]
  ],
  "ZONA 2 - 2": [
    [
      -62.060361,
      -38.877348
    ],
    [
      -62.055941,
      -38.880626
    ],
    [
      -62.060211,
      -38.884142
    ],
    [
      -62.05351,
      -38.889078
    ],
    [
      -62.057904,
      -38.889199
    ],
    [
      -62.067218,
      -38.896725
    ],
    [
      -62.076069,
      -38.890296
    ]
  ],
  "ZONA 2 - 3": [
    [
      -62.07858,
      -38.864262
    ],
    [
      -62.079878,
      -38.85963
    ],
    [
      -62.083204,
      -38.860156
    ],
    [
      -62.081957,
      -38.864833
    ]
  ],
  "ZONA 3 - 1": [
    [
      -62.058959,
      -38.875535
    ],
    [
      -62.052925,
      -38.870745
    ],
    [
      -62.06404,
      -38.862212
    ],
    [
      -62.062045,
      -38.860649
    ],
    [
      -62.063273,
      -38.859726
    ],
    [
      -62.067356,
      -38.86288
    ],
    [
      -62.073538,
      -38.857923
    ],
    [
      -62.079845,
      -38.859656
    ],
    [
      -62.078589,
      -38.864268
    ],
    [
      -62.075757,
      -38.86375
    ],
    [
      -62.074448,
      -38.868537
    ],
    [
      -62.06918,
      -38.86771
    ]
  ],
  "ZONA 3 - 2": [
    [
      -62.099134,
      -38.814661
    ],
    [
      -62.09628,
      -38.812437
    ],
    [
      -62.104015,
      -38.806543
    ],
    [
      -62.107593,
      -38.809502
    ],
    [
      -62.106263,
      -38.814364
    ],
    [
      -62.104799,
      -38.813281
    ],
    [
      -62.101859,
      -38.815471
    ]
  ]
}