age_group,Potencia,FUERZA PATRIA,LIBERTAD AVANZA,PRIMERO ROSALES,Somos,Union y libertad,Es con vos,FIT
16-24,5.560061310327915e-07,4.118675976429865e-12,0.9988354434357051,2.9301702862074606e-05,0.00021873157142365354,0.0009158604533179204,7.610659953714491e-40,1.0682644169343282e-07
25-30,0.034454866636364705,0.813507027430703,2.0943759313038524e-07,0.10727901775383845,3.1370315909674e-08,0.04474495979019244,7.813573889870259e-23,1.3887580992221009e-05
31-44,0.0016243997719272295,0.15952674322734084,0.3244507495783262,0.11601693897965053,0.06582516354690805,0.15039278896141975,0.033671123332528446,0.14849209260189897
45-60,0.06633486206596932,1.488788552314293e-19,0.8671133168959033,0.017898165327707362,0.01018534601260484,0.026655607080731242,3.41245359580085e-73,0.01181270261708385
61+,0.45866611044980937,0.4229254603964554,2.238175784998206e-10,0.0033263757416278185,0.1150788601462001,7.27649237273241e-15,1.946919786668544e-47,3.19304208234883e-06
